,Accuracy,Precision,Recall,F1-score,AUC
evalml,0.9957866647940733,0.1553398058252427,0.32653061224489793,0.21052631578947367,0.6617353398872211
